[{"model": "stocks.stock", "pk": 1, "fields": {"ticker": "SBER", "name": "Сбербанк", "description": "", "sector": "bank", "dividend_yield": "9.50", "dividend_history": "", "volatility": "low", "last_price": "316.21", "open_price": "314.65", "high_price": "317.47", "low_price": "314.15", "volume": 45, "value": "14229.45", "change": "1.99", "change_percent": "0.00", "last_price_updated": "2026-04-01T13:50:25.392Z", "created_at": "2026-03-31T19:42:21.715Z"}}, {"model": "stocks.stock", "pk": 2, "fields": {"ticker": "GAZP", "name": "Газпром", "description": "", "sector": "oil_gas", "dividend_yield": "12.50", "dividend_history": "Платит дивиденды с 2000 года", "volatility": "medium", "last_price": "133.42", "open_price": "133.32", "high_price": "135.15", "low_price": "132.28", "volume": 147, "value": "196127.40", "change": "0.15", "change_percent": "-0.01", "last_price_updated": "2026-04-01T13:50:25.369Z", "created_at": "2026-03-31T19:52:42.883Z"}}, {"model": "stocks.stock", "pk": 3, "fields": {"ticker": "LKOH", "name": "Лукойл", "description": "", "sector": "oil_gas", "dividend_yield": "10.80", "dividend_history": "Дивиденды дважды в год", "volatility": "medium", "last_price": "5485.50", "open_price": "5579.00", "high_price": "5596.00", "low_price": "5478.50", "volume": 1, "value": "5485.50", "change": "-92.50", "change_percent": "0.01", "last_price_updated": "2026-04-01T13:50:25.382Z", "created_at": "2026-03-31T19:53:16.567Z"}}, {"model": "stocks.stock", "pk": 4, "fields": {"ticker": "YDEX", "name": "Яндекс", "description": "", "sector": "it", "dividend_yield": "0.00", "dividend_history": "Реинвестирует прибыль", "volatility": "high", "last_price": "4259.50", "open_price": "4241.00", "high_price": "4284.50", "low_price": "4231.00", "volume": 1, "value": "4259.50", "change": "22.50", "change_percent": "0.01", "last_price_updated": "2026-04-01T13:50:25.399Z", "created_at": "2026-03-31T19:53:52.299Z"}}, {"model": "stocks.stock", "pk": 5, "fields": {"ticker": "MGNT", "name": "Магнит", "description": "", "sector": "retail", "dividend_yield": "8.20", "dividend_history": "Возобновила дивиденды в 2023", "volatility": "medium", "last_price": "3018.00", "open_price": "2999.00", "high_price": "3080.00", "low_price": "2972.50", "volume": 9, "value": "27162.00", "change": "37.00", "change_percent": "0.02", "last_price_updated": "2026-04-01T13:50:25.387Z", "created_at": "2026-03-31T19:54:39.558Z"}}, {"model": "stocks.stock", "pk": 6, "fields": {"ticker": "GMKN", "name": "Норникель", "description": "", "sector": "metallurgy", "dividend_yield": "11.30", "dividend_history": "Высокие дивиденды", "volatility": "high", "last_price": "138.88", "open_price": "140.34", "high_price": "142.24", "low_price": "138.82", "volume": 5, "value": "6944.00", "change": "-1.02", "change_percent": "0.01", "last_price_updated": "2026-04-01T13:50:25.374Z", "created_at": "2026-03-31T19:55:20.200Z"}}, {"model": "stocks.stock", "pk": 7, "fields": {"ticker": "AFLT", "name": "Аэрофлот", "description": "", "sector": "transport", "dividend_yield": "0.00", "dividend_history": "Не платит с 2020", "volatility": "high", "last_price": "47.58", "open_price": "47.40", "high_price": "47.85", "low_price": "47.21", "volume": 1, "value": "475.80", "change": "0.13", "change_percent": "0.06", "last_price_updated": "2026-04-01T13:50:25.361Z", "created_at": "2026-03-31T19:55:44.813Z"}}, {"model": "stocks.stockhistory", "pk": 1, "fields": {"stock": 7, "created_at": "2026-04-01T13:50:20.942Z", "last_price": "47.62", "open_price": "47.40", "high_price": "47.85", "low_price": "47.21", "volume": 1, "value": "476.20", "change": "0.17", "change_percent": "-0.04"}}, {"model": "stocks.stockhistory", "pk": 2, "fields": {"stock": 2, "created_at": "2026-04-01T13:50:20.954Z", "last_price": "134.28", "open_price": "133.32", "high_price": "135.15", "low_price": "132.28", "volume": 22, "value": "29541.60", "change": "1.01", "change_percent": "0.04"}}, {"model": "stocks.stockhistory", "pk": 3, "fields": {"stock": 6, "created_at": "2026-04-01T13:50:20.966Z", "last_price": "139.14", "open_price": "140.34", "high_price": "142.24", "low_price": "138.84", "volume": 3, "value": "4174.20", "change": "-0.76", "change_percent": "0.01"}}, {"model": "stocks.stockhistory", "pk": 4, "fields": {"stock": 3, "created_at": "2026-04-01T13:50:20.974Z", "last_price": "5485.50", "open_price": "5579.00", "high_price": "5596.00", "low_price": "5478.50", "volume": 5, "value": "27427.50", "change": "-92.50", "change_percent": "-0.01"}}, {"model": "stocks.stockhistory", "pk": 5, "fields": {"stock": 5, "created_at": "2026-04-01T13:50:20.974Z", "last_price": "3048.50", "open_price": "2999.00", "high_price": "3080.00", "low_price": "2972.50", "volume": 1, "value": "3048.50", "change": "67.50", "change_percent": "0.02"}}, {"model": "stocks.stockhistory", "pk": 6, "fields": {"stock": 1, "created_at": "2026-04-01T13:50:20.983Z", "last_price": "316.15", "open_price": "314.65", "high_price": "317.47", "low_price": "314.15", "volume": 28, "value": "8852.20", "change": "1.93", "change_percent": "0.00"}}, {"model": "stocks.stockhistory", "pk": 7, "fields": {"stock": 4, "created_at": "2026-04-01T13:50:20.991Z", "last_price": "4260.00", "open_price": "4241.00", "high_price": "4284.50", "low_price": "4231.00", "volume": 1, "value": "4260.00", "change": "23.00", "change_percent": "0.01"}}, {"model": "stocks.stockhistory", "pk": 8, "fields": {"stock": 7, "created_at": "2026-04-01T13:50:25.355Z", "last_price": "47.58", "open_price": "47.40", "high_price": "47.85", "low_price": "47.21", "volume": 1, "value": "475.80", "change": "0.13", "change_percent": "0.06"}}, {"model": "stocks.stockhistory", "pk": 9, "fields": {"stock": 2, "created_at": "2026-04-01T13:50:25.366Z", "last_price": "133.42", "open_price": "133.32", "high_price": "135.15", "low_price": "132.28", "volume": 147, "value": "196127.40", "change": "0.15", "change_percent": "-0.01"}}, {"model": "stocks.stockhistory", "pk": 10, "fields": {"stock": 6, "created_at": "2026-04-01T13:50:25.373Z", "last_price": "138.88", "open_price": "140.34", "high_price": "142.24", "low_price": "138.82", "volume": 5, "value": "6944.00", "change": "-1.02", "change_percent": "0.01"}}, {"model": "stocks.stockhistory", "pk": 11, "fields": {"stock": 3, "created_at": "2026-04-01T13:50:25.374Z", "last_price": "5485.50", "open_price": "5579.00", "high_price": "5596.00", "low_price": "5478.50", "volume": 1, "value": "5485.50", "change": "-92.50", "change_percent": "0.01"}}, {"model": "stocks.stockhistory", "pk": 12, "fields": {"stock": 5, "created_at": "2026-04-01T13:50:25.384Z", "last_price": "3018.00", "open_price": "2999.00", "high_price": "3080.00", "low_price": "2972.50", "volume": 9, "value": "27162.00", "change": "37.00", "change_percent": "0.02"}}, {"model": "stocks.stockhistory", "pk": 13, "fields": {"stock": 1, "created_at": "2026-04-01T13:50:25.390Z", "last_price": "316.21", "open_price": "314.65", "high_price": "317.47", "low_price": "314.15", "volume": 45, "value": "14229.45", "change": "1.99", "change_percent": "0.00"}}, {"model": "stocks.stockhistory", "pk": 14, "fields": {"stock": 4, "created_at": "2026-04-01T13:50:25.396Z", "last_price": "4259.50", "open_price": "4241.00", "high_price": "4284.50", "low_price": "4231.00", "volume": 1, "value": "4259.50", "change": "22.50", "change_percent": "0.01"}}, {"model": "stocks.scenario", "pk": 5, "fields": {"name": "Пандемия 2020", "description": "обвал акций авиакомпаний, рост IT-сектора"}}, {"model": "stocks.scenario", "pk": 7, "fields": {"name": "Кризис 2014", "description": "падение цен на нефть и обвал рубля"}}, {"model": "stocks.scenario", "pk": 8, "fields": {"name": "Рост ключевой ставки", "description": "падение долговых и некоторых сырьевых компаний"}}, {"model": "stocks.scenarioimpact", "pk": 2, "fields": {"scenario": 5, "stock": 7, "coefficient": "0.4500", "explanation": "закрытие международных аэропортов"}}, {"model": "stocks.scenarioimpact", "pk": 3, "fields": {"scenario": 5, "stock": 2, "coefficient": "1.2000", "explanation": "не сильно колебались цены на нефть"}}, {"model": "stocks.scenarioimpact", "pk": 4, "fields": {"scenario": 5, "stock": 6, "coefficient": "0.7500", "explanation": "проблема с выходом на работу у сотрудников"}}, {"model": "stocks.scenarioimpact", "pk": 5, "fields": {"scenario": 5, "stock": 3, "coefficient": "1.2000", "explanation": "не сильно колебались цены на нефть"}}, {"model": "stocks.scenarioimpact", "pk": 6, "fields": {"scenario": 5, "stock": 5, "coefficient": "1.1000", "explanation": "людям все равно надо что-то есть"}}, {"model": "stocks.scenarioimpact", "pk": 7, "fields": {"scenario": 5, "stock": 1, "coefficient": "1.0000", "explanation": "не сильно колебались цены"}}, {"model": "stocks.scenarioimpact", "pk": 8, "fields": {"scenario": 5, "stock": 4, "coefficient": "1.3000", "explanation": "выиграл от перехода в онлайн"}}, {"model": "stocks.scenarioimpact", "pk": 9, "fields": {"scenario": 7, "stock": 7, "coefficient": "0.4000", "explanation": "закрытие международных рейсов"}}, {"model": "stocks.scenarioimpact", "pk": 10, "fields": {"scenario": 7, "stock": 2, "coefficient": "0.7500", "explanation": "падение выручки из-за снижения цен на нефть"}}, {"model": "stocks.scenarioimpact", "pk": 11, "fields": {"scenario": 7, "stock": 6, "coefficient": "0.9500", "explanation": "потеря доступа к некоторым рынкам сбыта"}}, {"model": "stocks.scenarioimpact", "pk": 12, "fields": {"scenario": 7, "stock": 3, "coefficient": "0.8500", "explanation": "падение выручки из-за снижения цен на нефть"}}, {"model": "stocks.scenarioimpact", "pk": 13, "fields": {"scenario": 7, "stock": 5, "coefficient": "0.7200", "explanation": "снижение реальных доходов населения"}}, {"model": "stocks.scenarioimpact", "pk": 14, "fields": {"scenario": 7, "stock": 1, "coefficient": "0.5500", "explanation": "потеря доступа к международным рынкам капитала"}}, {"model": "stocks.scenarioimpact", "pk": 15, "fields": {"scenario": 7, "stock": 4, "coefficient": "0.4800", "explanation": "отпочкование отделения yandex в некоторых других странах"}}, {"model": "stocks.scenarioimpact", "pk": 16, "fields": {"scenario": 8, "stock": 7, "coefficient": "0.3000", "explanation": "усиленный контроль для получения права на въезд в некоторые страны"}}, {"model": "stocks.scenarioimpact", "pk": 17, "fields": {"scenario": 8, "stock": 2, "coefficient": "0.4500", "explanation": "уход европейских покупателей"}}, {"model": "stocks.scenarioimpact", "pk": 18, "fields": {"scenario": 8, "stock": 6, "coefficient": "0.6000", "explanation": "проблема с потерей некоторых рынков сбыта"}}, {"model": "stocks.scenarioimpact", "pk": 19, "fields": {"scenario": 8, "stock": 3, "coefficient": "0.5500", "explanation": "уход европейских покупателей"}}, {"model": "stocks.scenarioimpact", "pk": 20, "fields": {"scenario": 8, "stock": 5, "coefficient": "0.6500", "explanation": "уход западных производителей товаров"}}, {"model": "stocks.scenarioimpact", "pk": 21, "fields": {"scenario": 8, "stock": 1, "coefficient": "0.3500", "explanation": "валютные долги и падение стоимости рубля относительно доллара"}}, {"model": "stocks.scenarioimpact", "pk": 22, "fields": {"scenario": 8, "stock": 4, "coefficient": "0.4000", "explanation": "отсоединение отделений не находящихся в России"}}]